No,Id,Time(UTC),Time
1,jaemyung_lee,2018-06-01 6:07,2018-06-01 15:07
2,jgyang1127,2018-06-01 6:07,2018-06-01 15:07
3,perimeter3_1415,2018-06-01 6:07,2018-06-01 15:07
4,cdhlsh,2018-06-01 6:08,2018-06-01 15:08
5,yjlee68,2018-06-01 6:08,2018-06-01 15:08
6,jeju_kch,2018-06-01 6:08,2018-06-01 15:08
7,seungpapa,2018-06-01 6:08,2018-06-01 15:08
8,jinyoung0319,2018-06-01 6:08,2018-06-01 15:08
9,sadadysb1,2018-06-01 6:09,2018-06-01 15:09
10,omaha_nite,2018-06-01 6:09,2018-06-01 15:09
11,pchio71,2018-06-01 6:10,2018-06-01 15:10
12,songwy11101,2018-06-01 6:10,2018-06-01 15:10
13,leeinfo,2018-06-01 6:11,2018-06-01 15:11
14,dcseo4u,2018-06-01 6:12,2018-06-01 15:12
15,b71dbdb5e942449,2018-06-01 6:12,2018-06-01 15:12
16,goodmanleekisoo,2018-06-01 6:12,2018-06-01 15:12
17,leemakrye1,2018-06-01 6:13,2018-06-01 15:13
18,ryusjun,2018-06-01 6:14,2018-06-01 15:14
19,violet1004hee,2018-06-01 6:15,2018-06-01 15:15
20,plomiruolmynwlt,2018-06-01 6:15,2018-06-01 15:15
21,ajans50098538,2018-06-01 6:15,2018-06-01 15:15
22,maxbuz2018,2018-06-01 6:16,2018-06-01 15:16
23,win2017lee,2018-06-01 6:16,2018-06-01 15:16
24,s_h_dragon,2018-06-01 6:18,2018-06-01 15:18
25,emptysolt,2018-06-01 6:18,2018-06-01 15:18
26,nejokupdgw0poou,2018-06-01 6:18,2018-06-01 15:18
27,shinhyosung3,2018-06-01 6:18,2018-06-01 15:18
28,eunibigbang,2018-06-01 6:18,2018-06-01 15:18
29,norehadasing,2018-06-01 6:23,2018-06-01 15:23
30,glium,2018-06-01 6:23,2018-06-01 15:23
31,leedj100,2018-06-01 6:26,2018-06-01 15:26
32,moonjoo0323,2018-06-01 6:26,2018-06-01 15:26
33,ueda53402189,2018-06-01 6:28,2018-06-01 15:28
34,restartcorea,2018-06-01 6:29,2018-06-01 15:29
35,vzr7fgprkrcepkb,2018-06-01 6:30,2018-06-01 15:30
36,1267_6313,2018-06-01 6:32,2018-06-01 15:32
37,zqew4rtvcetraiv,2018-06-01 6:33,2018-06-01 15:33
38,maum1028,2018-06-01 6:36,2018-06-01 15:36
39,gellzzer777,2018-06-01 6:36,2018-06-01 15:36
40,seolhee5288,2018-06-01 6:37,2018-06-01 15:37
41,yeon0103,2018-06-01 6:39,2018-06-01 15:39
42,s16ljnpny4ioh0o,2018-06-01 6:39,2018-06-01 15:39
43,jiryeonlee,2018-06-01 6:42,2018-06-01 15:42
44,clgcrachel,2018-06-01 6:42,2018-06-01 15:42
45,oh276,2018-06-01 6:43,2018-06-01 15:43
46,pgg4dphrfifxkfr,2018-06-01 6:43,2018-06-01 15:43
47,ryongjin,2018-06-01 6:44,2018-06-01 15:44
48,methis4u,2018-06-01 6:45,2018-06-01 15:45
49,candys6613,2018-06-01 6:48,2018-06-01 15:48
50,oeyq0subz7pwvcy,2018-06-01 6:50,2018-06-01 15:50
51,nautymac,2018-06-01 6:50,2018-06-01 15:50
52,tojbdm,2018-06-01 6:51,2018-06-01 15:51
53,seang333sea,2018-06-01 6:52,2018-06-01 15:52
54,new6149kys,2018-06-01 6:53,2018-06-01 15:53
55,dongil_s,2018-06-01 6:53,2018-06-01 15:53
56,uniuniooo2,2018-06-01 6:55,2018-06-01 15:55
57,rladmltjd,2018-06-01 6:56,2018-06-01 15:56
58,trovwwb6blt0lwm,2018-06-01 6:57,2018-06-01 15:57
59,_mylord_dksdptj,2018-06-01 6:57,2018-06-01 15:57
60,uicn12sy0dgdtef,2018-06-01 6:58,2018-06-01 15:58
61,minimal2013,2018-06-01 6:59,2018-06-01 15:59
62,mssylove,2018-06-01 7:00,2018-06-01 16:00
63,bruterrs,2018-06-01 7:02,2018-06-01 16:02
64,hanaro20000,2018-06-01 7:08,2018-06-01 16:08
65,clckd1,2018-06-01 7:09,2018-06-01 16:09
66,kinmeri2,2018-06-01 7:10,2018-06-01 16:10
67,feldrose,2018-06-01 7:11,2018-06-01 16:11
68,poi87871,2018-06-01 7:14,2018-06-01 16:14
69,lee_21c,2018-06-01 7:14,2018-06-01 16:14
70,xoom9000,2018-06-01 7:14,2018-06-01 16:14
71,ppooooooo1,2018-06-01 7:17,2018-06-01 16:17
72,wangnun2arom2,2018-06-01 7:20,2018-06-01 16:20
73,xikzjazrttpm495,2018-06-01 7:21,2018-06-01 16:21
74,redsoxgo,2018-06-01 7:23,2018-06-01 16:23
75,dikeseye,2018-06-01 7:24,2018-06-01 16:24
76,gwaenchana_u,2018-06-01 7:25,2018-06-01 16:25
77,taehokang5822,2018-06-01 7:25,2018-06-01 16:25
78,nicesaju,2018-06-01 7:27,2018-06-01 16:27
79,biue_star_,2018-06-01 7:32,2018-06-01 16:32
80,nhy2842,2018-06-01 7:33,2018-06-01 16:33
81,khchul78,2018-06-01 7:35,2018-06-01 16:35
82,sangin4560,2018-06-01 7:36,2018-06-01 16:36
83,xogh4931,2018-06-01 7:39,2018-06-01 16:39
84,pjhnmb,2018-06-01 7:40,2018-06-01 16:40
85,potatokhn,2018-06-01 7:43,2018-06-01 16:43
86,hakwang1gmailc1,2018-06-01 7:46,2018-06-01 16:46
87,stroby2002,2018-06-01 7:46,2018-06-01 16:46
88,ahna29,2018-06-01 7:49,2018-06-01 16:49
89,zzanggar07,2018-06-01 7:49,2018-06-01 16:49
90,ootip1,2018-06-01 7:50,2018-06-01 16:50
91,griffon468,2018-06-01 7:50,2018-06-01 16:50
92,dngoing,2018-06-01 7:53,2018-06-01 16:53
93,ssg63625,2018-06-01 7:54,2018-06-01 16:54
94,geheimnispol,2018-06-01 7:54,2018-06-01 16:54
95,corea_19190411,2018-06-01 7:55,2018-06-01 16:55
96,daebak21th,2018-06-01 7:57,2018-06-01 16:57
97,gentlejaemyung,2018-06-01 7:59,2018-06-01 16:59
98,applemango7924,2018-06-01 7:59,2018-06-01 16:59
99,cp0213,2018-06-01 8:01,2018-06-01 17:01
100,bia1024,2018-06-01 8:02,2018-06-01 17:02
101,panicin83,2018-06-01 8:02,2018-06-01 17:02
102,dudtjs5011,2018-06-01 8:05,2018-06-01 17:05
103,vhs7ji8p20mxrg8,2018-06-01 8:05,2018-06-01 17:05
104,smartycw,2018-06-01 8:07,2018-06-01 17:07
105,jis410,2018-06-01 8:08,2018-06-01 17:08
106,sblee2014,2018-06-01 8:08,2018-06-01 17:08
107,ani1223,2018-06-01 8:11,2018-06-01 17:11
108,alicemanse,2018-06-01 8:12,2018-06-01 17:12
109,news2health,2018-06-01 8:13,2018-06-01 17:13
110,2mbchifanlema,2018-06-01 8:14,2018-06-01 17:14
111,javajunee,2018-06-01 8:17,2018-06-01 17:17
112,anywalk_,2018-06-01 8:19,2018-06-01 17:19
113,koinhyuk,2018-06-01 8:20,2018-06-01 17:20
114,muhan7474,2018-06-01 8:22,2018-06-01 17:22
115,760davidson,2018-06-01 8:23,2018-06-01 17:23
116,solidad_b,2018-06-01 8:25,2018-06-01 17:25
117,phsnhk,2018-06-01 8:27,2018-06-01 17:27
118,gugu9981,2018-06-01 8:27,2018-06-01 17:27
119,usnki1,2018-06-01 8:28,2018-06-01 17:28
120,epocas4mismos,2018-06-01 8:30,2018-06-01 17:30
121,940502story,2018-06-01 8:31,2018-06-01 17:31
122,minsookmin,2018-06-01 8:32,2018-06-01 17:32
123,r_u_o_k_a_y,2018-06-01 8:34,2018-06-01 17:34
124,lst84,2018-06-01 8:35,2018-06-01 17:35
125,starbox107,2018-06-01 8:36,2018-06-01 17:36
126,deadlight1420,2018-06-01 8:38,2018-06-01 17:38
127,s1yke8cqmad5kpn,2018-06-01 8:40,2018-06-01 17:40
128,npbkp,2018-06-01 8:46,2018-06-01 17:46
129,asw9101,2018-06-01 8:46,2018-06-01 17:46
130,loxoxl,2018-06-01 8:47,2018-06-01 17:47
131,pangpang1118,2018-06-01 8:47,2018-06-01 17:47
132,pki007,2018-06-01 8:55,2018-06-01 17:55
133,ereeka1,2018-06-01 8:55,2018-06-01 17:55
134,idolmaster_m5,2018-06-01 8:57,2018-06-01 17:57
135,cptv487,2018-06-01 8:57,2018-06-01 17:57
136,tn9583,2018-06-01 9:01,2018-06-01 18:01
137,artwemin,2018-06-01 9:01,2018-06-01 18:01
138,mychan07,2018-06-01 9:06,2018-06-01 18:06
139,tn95858,2018-06-01 9:07,2018-06-01 18:07
140,junhyungu7,2018-06-01 9:07,2018-06-01 18:07
141,king1300,2018-06-01 9:11,2018-06-01 18:11
142,aeh5211,2018-06-01 9:17,2018-06-01 18:17
143,choi4y,2018-06-01 9:19,2018-06-01 18:19
144,kksstorm,2018-06-01 9:24,2018-06-01 18:24
145,baldr75,2018-06-01 9:25,2018-06-01 18:25
146,whk0209,2018-06-01 9:27,2018-06-01 18:27
147,poeamne5yalsshn,2018-06-01 9:28,2018-06-01 18:28
148,kangchael1,2018-06-01 9:29,2018-06-01 18:29
149,ddrtth,2018-06-01 9:32,2018-06-01 18:32
150,jangho25,2018-06-01 9:32,2018-06-01 18:32
151,bspae,2018-06-01 9:42,2018-06-01 18:42
152,busanjoa,2018-06-01 9:46,2018-06-01 18:46
153,knsarang,2018-06-01 9:46,2018-06-01 18:46
154,uooi771,2018-06-01 9:46,2018-06-01 18:46
155,sherpa80,2018-06-01 9:52,2018-06-01 18:52
156,martialart888,2018-06-01 9:53,2018-06-01 18:53
157,korea486,2018-06-01 9:56,2018-06-01 18:56
158,gfviis2wchnfcvv,2018-06-01 9:56,2018-06-01 18:56
159,sukkihome,2018-06-01 9:56,2018-06-01 18:56
160,angarinda,2018-06-01 9:59,2018-06-01 18:59
161,newclio,2018-06-01 10:01,2018-06-01 19:01
162,prckwj,2018-06-01 10:08,2018-06-01 19:08
163,kwanghoony,2018-06-01 10:08,2018-06-01 19:08
164,pkj5464gmailco1,2018-06-01 10:09,2018-06-01 19:09
165,pacprincess82,2018-06-01 10:11,2018-06-01 19:11
166,bkgomusin,2018-06-01 10:14,2018-06-01 19:14
167,kmcji,2018-06-01 10:18,2018-06-01 19:18
168,cjpcj,2018-06-01 10:23,2018-06-01 19:23
169,loremlumen,2018-06-01 10:24,2018-06-01 19:24
170,archi310,2018-06-01 10:24,2018-06-01 19:24
171,y6smet0jkbaax0w,2018-06-01 10:25,2018-06-01 19:25
172,fvwyqdv9gh8q6de,2018-06-01 10:25,2018-06-01 19:25
173,bbv797,2018-06-01 10:28,2018-06-01 19:28
174,togonewsun,2018-06-01 10:28,2018-06-01 19:28
175,pachino5316,2018-06-01 10:34,2018-06-01 19:34
176,choi5212083511,2018-06-01 10:35,2018-06-01 19:35
177,sf2forever,2018-06-01 10:42,2018-06-01 19:42
178,onlychoi,2018-06-01 10:47,2018-06-01 19:47
179,ex_trooper,2018-06-01 10:50,2018-06-01 19:50
180,ybclarn,2018-06-01 10:52,2018-06-01 19:52
181,w2awbnpirmczmyh,2018-06-01 11:00,2018-06-01 20:00
182,nk9019,2018-06-01 11:01,2018-06-01 20:01
183,amen061,2018-06-01 11:09,2018-06-01 20:09
184,aquapsm,2018-06-01 11:10,2018-06-01 20:10
185,ahnsikchoi,2018-06-01 11:14,2018-06-01 20:14
186,takemeall,2018-06-01 11:18,2018-06-01 20:18
187,hboji1,2018-06-01 11:20,2018-06-01 20:20
188,lhy6507,2018-06-01 11:22,2018-06-01 20:22
189,yjatg,2018-06-01 11:23,2018-06-01 20:23
190,kimpeter69,2018-06-01 11:24,2018-06-01 20:24
191,gjkim1981,2018-06-01 11:35,2018-06-01 20:35
192,whk4784,2018-06-01 11:35,2018-06-01 20:35
193,jong3223,2018-06-01 11:38,2018-06-01 20:38
194,lgbdp,2018-06-01 11:40,2018-06-01 20:40
195,bum2020,2018-06-01 11:42,2018-06-01 20:42
196,sheng822,2018-06-01 11:42,2018-06-01 20:42
197,yongkim1067613,2018-06-01 11:46,2018-06-01 20:46
198,akagsaniya,2018-06-01 11:48,2018-06-01 20:48
199,zpo4v0qgv8gu3rb,2018-06-01 11:59,2018-06-01 20:59
200,ykepap,2018-06-01 12:00,2018-06-01 21:00
201,justincoming,2018-06-01 12:01,2018-06-01 21:01
202,taishun123,2018-06-01 12:02,2018-06-01 21:02
203,oodjo1,2018-06-01 12:05,2018-06-01 21:05
204,gtko,2018-06-01 12:06,2018-06-01 21:06
205,sangoon20787,2018-06-01 12:07,2018-06-01 21:07
206,ilich6887,2018-06-01 12:07,2018-06-01 21:07
207,gucu889,2018-06-01 12:09,2018-06-01 21:09
208,travia07131,2018-06-01 12:12,2018-06-01 21:12
209,prorpm119,2018-06-01 12:17,2018-06-01 21:17
210,dklli,2018-06-01 12:25,2018-06-01 21:25
211,goguryo1,2018-06-01 12:44,2018-06-01 21:44
212,koreahansen,2018-06-01 12:48,2018-06-01 21:48
213,jiwonfafa,2018-06-01 12:49,2018-06-01 21:49
214,hoodman55,2018-06-01 12:51,2018-06-01 21:51
215,lee5889,2018-06-01 12:55,2018-06-01 21:55
216,a9kj5xuc6hrcter,2018-06-01 12:56,2018-06-01 21:56
217,3wqqmdpd7ol6udm,2018-06-01 12:58,2018-06-01 21:58
218,lwk0013,2018-06-01 13:04,2018-06-01 22:04
219,sanha9008,2018-06-01 13:25,2018-06-01 22:25
220,mska7,2018-06-01 13:39,2018-06-01 22:39
221,brave9102,2018-06-01 13:46,2018-06-01 22:46
222,agallocha1,2018-06-01 13:49,2018-06-01 22:49
223,pakchm,2018-06-01 13:51,2018-06-01 22:51
224,hawk1658,2018-06-01 13:52,2018-06-01 22:52
225,nojjangfyah,2018-06-01 13:52,2018-06-01 22:52
226,3999_4273,2018-06-01 13:57,2018-06-01 22:57
227,tkadnjs4770,2018-06-01 13:58,2018-06-01 22:58
228,complex_var,2018-06-01 14:09,2018-06-01 23:09
229,citizen81861031,2018-06-01 14:10,2018-06-01 23:10
230,mnk1998,2018-06-01 14:11,2018-06-01 23:11
231,kenshinjin,2018-06-01 14:16,2018-06-01 23:16
232,sjhoo9000,2018-06-01 14:26,2018-06-01 23:26
233,dud6175,2018-06-01 14:27,2018-06-01 23:27
234,hhans9215,2018-06-01 14:36,2018-06-01 23:36
235,cksdn401,2018-06-01 14:39,2018-06-01 23:39
236,pp1918,2018-06-01 14:46,2018-06-01 23:46
237,itaeki2,2018-06-01 14:59,2018-06-01 23:59
238,lovepoet58,2018-06-01 15:01,2018-06-02 0:01
239,coolingbox,2018-06-01 15:03,2018-06-02 0:03
240,maxkss12,2018-06-01 15:12,2018-06-02 0:12
241,8wdz1lsw781egre,2018-06-01 15:29,2018-06-02 0:29
242,tqfgmafsf5d07k8,2018-06-01 15:52,2018-06-02 0:52
243,mssim66,2018-06-01 15:53,2018-06-02 0:53
244,ljhoung23399,2018-06-01 15:57,2018-06-02 0:57
245,youngmedic1,2018-06-01 16:30,2018-06-02 1:30
246,tongiljosun,2018-06-01 16:30,2018-06-02 1:30
247,budangdon,2018-06-01 16:40,2018-06-02 1:40
248,catarina784,2018-06-01 16:55,2018-06-02 1:55
249,man0403,2018-06-01 19:23,2018-06-02 4:23
250,3535_010,2018-06-01 19:25,2018-06-02 4:25
251,ltl072791,2018-06-01 19:36,2018-06-02 4:36
252,10dak7time,2018-06-01 19:57,2018-06-02 4:57
253,okhoon,2018-06-01 19:59,2018-06-02 4:59
254,justice__korea,2018-06-01 20:03,2018-06-02 5:03
255,sswsong,2018-06-01 20:12,2018-06-02 5:12
256,jimin1968,2018-06-01 20:12,2018-06-02 5:12
257,qf7xiv1bpe2borm,2018-06-01 20:39,2018-06-02 5:39
258,hwan8411,2018-06-01 20:40,2018-06-02 5:40
259,photomun,2018-06-01 21:02,2018-06-02 6:02
260,y2yeogkvn4zvkql,2018-06-01 21:31,2018-06-02 6:31
261,davidle05321002,2018-06-01 21:33,2018-06-02 6:33
262,snangel79,2018-06-01 21:57,2018-06-02 6:57
263,jimoon1234,2018-06-01 22:13,2018-06-02 7:13
264,torque0425,2018-06-01 22:25,2018-06-02 7:25
265,ksh9478,2018-06-01 22:43,2018-06-02 7:43
266,msink7,2018-06-01 22:59,2018-06-02 7:59
267,munchang0505,2018-06-01 23:28,2018-06-02 8:28
268,leuwyu3j7b40obd,2018-06-01 23:32,2018-06-02 8:32
269,leidenstadt,2018-06-02 0:01,2018-06-02 9:01
270,carrot6971,2018-06-02 0:06,2018-06-02 9:06
271,epco007,2018-06-02 0:21,2018-06-02 9:21
272,grandsun01,2018-06-02 0:31,2018-06-02 9:31
273,melancholijung,2018-06-02 0:56,2018-06-02 9:56
274,pilot_blue_ink,2018-06-02 1:09,2018-06-02 10:09
275,phj24891,2018-06-02 1:28,2018-06-02 10:28
276,zjan8t57dkjy6q6,2018-06-02 1:51,2018-06-02 10:51
277,sguwin2569,2018-06-02 2:02,2018-06-02 11:02
278,davidpaaus,2018-06-02 2:15,2018-06-02 11:15
279,jaemes01,2018-06-02 2:40,2018-06-02 11:40
280,kildong66,2018-06-02 2:41,2018-06-02 11:41
281,sudoja71,2018-06-02 2:46,2018-06-02 11:46
282,rkdmf1876,2018-06-02 2:49,2018-06-02 11:49
283,gcsk9787,2018-06-02 3:24,2018-06-02 12:24
284,spdlqj56_,2018-06-02 3:29,2018-06-02 12:29
285,bbyeon1,2018-06-02 3:31,2018-06-02 12:31
286,korea6mm,2018-06-02 3:37,2018-06-02 12:37
287,degiltaxi,2018-06-02 3:40,2018-06-02 12:40
288,s9lrbmc5r0ajvb6,2018-06-02 3:40,2018-06-02 12:40
289,dltjswhd,2018-06-02 3:41,2018-06-02 12:41
290,piafindit,2018-06-02 3:47,2018-06-02 12:47
291,sabongsuk,2018-06-02 4:07,2018-06-02 13:07
292,ojen3oxrehzbsag,2018-06-02 5:10,2018-06-02 14:10
293,ljhs15221,2018-06-02 5:39,2018-06-02 14:39
294,stay00body,2018-06-02 5:58,2018-06-02 14:58
295,sjioer0001,2018-06-02 6:59,2018-06-02 15:59
296,knight3968,2018-06-02 8:41,2018-06-02 17:41
297,4287_010,2018-06-02 8:55,2018-06-02 17:55
298,openarms0707,2018-06-02 11:32,2018-06-02 20:32
299,qnemfjs,2018-06-02 12:10,2018-06-02 21:10
300,curerest74,2018-06-02 12:16,2018-06-02 21:16
301,jang1073,2018-06-02 13:25,2018-06-02 22:25
302,coldshin,2018-06-03 2:21,2018-06-03 11:21
303,ryh0523,2018-06-03 2:44,2018-06-03 11:44
304,csungja,2018-06-03 2:50,2018-06-03 11:50
305,joyounga1,2018-06-03 2:56,2018-06-03 11:56
306,earn75e,2018-06-03 3:08,2018-06-03 12:08
307,gotongil,2018-06-03 4:32,2018-06-03 13:32
308,pmp3e9pthmn7rzm,2018-06-03 5:14,2018-06-03 14:14
309,winfree9,2018-06-03 7:13,2018-06-03 16:13
310,53234948,2018-06-03 9:42,2018-06-03 18:42
311,khy531103,2018-06-03 14:39,2018-06-03 23:39
312,bbangswooni,2018-06-03 23:20,2018-06-04 8:20
313,jiyun1098,2018-06-04 10:32,2018-06-04 19:32
314,t01035706983,2018-06-05 6:44,2018-06-05 15:44
315,rlaqudah82,2018-06-06 4:51,2018-06-06 13:51
316,jackie_paek,2018-06-06 6:52,2018-06-06 15:52
317,oh276,2018-06-06 13:03,2018-06-06 22:03
318,jangory7689,2018-06-07 9:31,2018-06-07 18:31
319,dklli,2018-06-08 9:17,2018-06-08 18:17
320,mska7,2018-06-08 9:23,2018-06-08 18:23
